ID,Sport,League,Home,Away,Time,Odds Count
football:1976 phoenix:caledonia aia:20260121,football,TT Premier Football League,1976 Phoenix FC,Caledonia AIA,2026-01-21 22:00:00,77
football:2 de mayo:alianza lima:20260204,football,Copa Libertadores,2 de Mayo,Alianza Lima,2026-02-04 15:00:00,123
football:2 de mayo:sportivo luqueño:20260123,football,Primera Paraguay,2 de Mayo,Sportivo Luqueño,2026-01-23 23:15:00,144
football:76 igdir belediyespor:sakaryaspor:20260119,football,1. Lig,76 Igdir Belediyespor,Sakaryaspor,2026-01-19 11:30:00,69
football:aarhus:odense:20260206,football,Danish Superliga,Aarhus GF,Odense BK,2026-02-06 18:00:00,161
football:aberdeen:livingston:20260124,football,Scottish Premiership,Aberdeen,Livingston,2026-01-24 15:00:00,156
football:aberdeen:raith rovers:20260118,football,Scottish Cup,Aberdeen,Raith Rovers,2026-01-18 14:30:00,118
football:ac milan:lecce:20260118,football,Serie A,AC Milan,US Lecce,2026-01-18 19:45:00,67
football:academia puerto cabello:monagas:20260303,football,Copa Sudamericana,Academia Puerto Cabello,Monagas SC,2026-03-03 15:00:00,114
football:académica coimbra:amora:20260118,football,Liga 3,Académica Coimbra,Amora,2026-01-18 17:00:00,69
football:ad cariari:ad municipal santa ana:20260118,football,Liga de Ascenso,AD Cariari,AD Municipal Santa Ana,2026-01-18 19:00:00,73
football:ad san carlos:san jose:20260119,football,Primera Division Costa Rica,AD San Carlos,Sporting San Jose FC,2026-01-19 01:00:00,113
football:aek aten:panathinaikos:20260118,football,Super League,AEK Aten,Panathinaikos,2026-01-18 19:00:00,116
football:aek larnaca:ypsonas:20260118,football,1st Division,AEK Larnaca,Ypsonas FC,2026-01-18 15:00:00,71
football:aguilas doradas rionegro:deportivo pasto:20260125,football,Liga Dimayor,Aguilas Doradas Rionegro,Deportivo Pasto,2026-01-25 21:00:00,113
football:airdrieonians:ross county:20260124,football,Championship,Airdrieonians,Ross County,2026-01-24 15:00:00,121
football:aj auxerre:paris saint-germain:20260123,football,Ligue 1,AJ Auxerre,Paris Saint-Germain FC,2026-01-23 19:00:00,69
football:ajax:volendam:20260124,football,Eredivisie,AFC Ajax,FC Volendam,2026-01-24 15:30:00,55
football:ajman club:al dhafra uae:20260119,football,Arabian Gulf League,Ajman Club,Al Dhafra (UAE),2026-01-19 13:05:00,28
football:al ahli jeddah:al khaleej saihat:20260120,football,Professional League,Al Ahli Jeddah,Al Khaleej Saihat,2026-01-20 17:30:00,63
football:al fateh:alkholood:20260120,football,Professional League,Al Fateh,Al-Kholood,2026-01-20 17:30:00,149
football:al hazem:al qadisiya:20260118,football,Professional League,Al Hazem,Al Qadisiya,2026-01-18 15:15:00,187
football:al mosul:al karma:20260118,football,Premier League,Al Mosul SC,AL Karma,2026-01-18 14:30:00,68
football:al najaf:algharraf:20260118,football,Premier League,Al Najaf,Al-Gharraf SC,2026-01-18 16:30:00,63
football:al riyadh:al taawon buraidah:20260118,football,Professional League,Al Riyadh,Al Taawon Buraidah,2026-01-18 17:30:00,177
football:al shabab:al najma ksa:20260120,football,Professional League,Al Shabab,Al Najma (KSA),2026-01-20 15:05:00,167
football:al shabab:al riyadh:20260222,football,Professional League,Al Shabab,Al Riyadh,2026-02-22 16:15:00,175
football:alanyaspor:fenerbahçe:20260118,football,Turkish Super Lig,Alanyaspor,Fenerbahçe SK,2026-01-18 17:00:00,151
football:albacete balompié:cadiz:20260118,football,La Liga 2,Albacete Balompié,Cadiz,2026-01-18 17:30:00,143
football:aldosivi:defensa y justicia:20260122,football,Liga Profesional Argentina,Aldosivi,Defensa y Justicia,2026-01-22 20:00:00,151
football:alianza atletico:club deportivo garcilaso:20260303,football,Copa Sudamericana,Alianza Atletico,Club Deportivo Garcilaso,2026-03-03 15:00:00,114
football:alianza atletico:cusco:20260201,football,Liga 1,Alianza Atletico,Cusco FC,2026-02-01 20:15:00,154
football:almere city:de graafschap:20260118,football,Eerste Divisie,Almere City,De Graafschap,2026-01-18 13:30:00,168
football:amiens:stade lavallois:20260123,football,Ligue 2,Amiens,Stade Lavallois,2026-01-23 19:00:00,117
football:américa de cali:atlético bucaramanga:20260303,football,Copa Sudamericana,América de Cali,Atlético Bucaramanga,2026-03-03 15:00:00,114
football:américamg:atlético mineiromg:20260122,football,Mineiro,América-MG,Atlético Mineiro-MG,2026-01-22 00:30:00,186
football:annecy:clermont:20260123,football,Ligue 2,Annecy FC,Clermont,2026-01-23 19:00:00,115
football:aparecidensego:inhumasgo:20260118,football,Goiano,Aparecidense-GO,Inhumas-GO,2026-01-18 19:00:00,110
football:apollon limassol:apoel nicosia:20260118,football,1st Division,Apollon Limassol,Apoel Nicosia,2026-01-18 17:00:00,28
football:arbroath:greenock morton:20260123,football,Championship,Arbroath,Greenock Morton,2026-01-23 19:45:00,117
football:argentina bolec:france elmagico:20260118,football,eSports Battle (2x6 min),Argentina (Bolec),France (Elmagico),2026-01-18 14:06:00,26
football:argentina bolec:tyskland maslja:20260118,football,eSports Battle (2x6 min),Argentina (Bolec),Tyskland (Maslja),2026-01-18 14:42:00,26
football:argentina:algeriet:20260616,football,VM 2026,Argentina,Algeriet,2026-06-16 18:00:00,145
football:argentinos jrs:club ferrocarril midland:20260122,football,Copa Argentina,Argentinos Jrs,Club Ferrocarril Midland,2026-01-22 00:15:00,112
football:argentinos jrs:sarmiento:20260126,football,Liga Profesional Argentina,Argentinos Jrs,Sarmiento,2026-01-26 00:00:00,46
football:arminia bielefeld:holstein kiel:20260123,football,2. Bundesliga,Arminia Bielefeld,Holstein Kiel,2026-01-23 17:30:00,158
football:arouca:lissabon:20260124,football,Primeira Liga,Arouca,Sporting Lissabon,2026-01-24 18:00:00,153
football:arsenal d:aston villa d:20260118,football,FA-cupen (d),Arsenal (d),Aston Villa (d),2026-01-18 14:00:00,69
football:arsenal dor1an:atleti og:20260118,football,Esports Battle (2x4min),Arsenal (dor1an),Atleti (OG),2026-01-18 14:16:00,28
football:arsenal dor1an:b dortmund tonexo:20260118,football,Esports Battle (2x4min),Arsenal (dor1an),B Dortmund (tonexo),2026-01-18 13:04:00,26
football:arsenal dor1an:juventus mko1919:20260118,football,Esports Battle (2x4min),Arsenal (dor1an),Juventus (mko1919),2026-01-18 13:52:00,28
football:arsenal dor1an:man city hrk:20260118,football,Esports Battle (2x4min),Arsenal (dor1an),Man City (hrk),2026-01-18 13:28:00,28
football:arsenal:chelsea:20260203,football,EFL Cup,Arsenal,Chelsea,2026-02-03 20:00:00,198
football:arsenal:wigan athletic:20260214,football,FA-cupen,Arsenal,Wigan Athletic,2026-02-14 15:00:00,3
football:arzignano valchiampo:vicenza:20260118,football,Serie C Girone A,Arzignano Valchiampo,Vicenza,2026-01-18 13:30:00,16
football:asm oran:témouchent:20260120,football,Ligue 2,ASM Oran,Témouchent,2026-01-20 13:00:00,16
football:asteras tripolis:aek aten:20260124,football,Super League,Asteras Tripolis,AEK Aten,2026-01-24 17:30:00,111
football:aston villa d:manchester united d:20260125,football,Super League - Damer,Aston Villa (d),Manchester United (d),2026-01-25 11:55:00,122
football:aston villa:everton:20260118,football,Premier League,Aston Villa FC,Everton FC,2026-01-18 16:30:00,211
football:aston villa:newcastle:20260214,football,FA-cupen,Aston Villa,Newcastle United,2026-02-14 15:00:00,3
football:atalanta:bilbao:20260121,football,Champions League,Atalanta,Athletic Bilbao,2026-01-21 20:00:00,62
football:atleti og:arsenal dor1an:20260118,football,Esports Battle (2x4min),Atleti (OG),Arsenal (dor1an),2026-01-18 13:16:00,28
football:atleti og:b dortmund tonexo:20260118,football,Esports Battle (2x4min),Atleti (OG),B Dortmund (tonexo),2026-01-18 12:40:00,27
football:atleti og:juventus mko1919:20260118,football,Esports Battle (2x4min),Atleti (OG),Juventus (mko1919),2026-01-18 14:28:00,28
football:atleti og:man city hrk:20260118,football,Esports Battle (2x4min),Atleti (OG),Man City (hrk),2026-01-18 14:04:00,28
football:atleti wboy:barcelona bomb1to:20260118,football,Esports Battle (2x4min),Atleti (Wboy),Barcelona (Bomb1to),2026-01-18 13:24:00,27
football:atleti wboy:club arcos:20260118,football,Esports Battle (2x4min),Atleti (Wboy),Athletic Club (Arcos),2026-01-18 13:48:00,28
football:atleti wboy:madrid laikingdast:20260118,football,Esports Battle (2x4min),Atleti (Wboy),Real Madrid (LaikingDast),2026-01-18 14:36:00,26
football:atleti wboy:villarreal kraftvk:20260118,football,Esports Battle (2x4min),Atleti (Wboy),Villarreal (KraftVK),2026-01-18 14:12:00,26
football:atlético de alagoinhasba:bahia de feiraba:20260118,football,Baiano,Atlético de Alagoinhas-BA,Bahia de Feira-BA,2026-01-18 21:30:00,109
football:atlético madrid t3rz:club palkan:20260118,football,Cyber Live Arena (2x5 min),Atlético Madrid (T3RZ),Athletic Club (palkan),2026-01-18 12:52:00,26
football:atlético madrid t3rz:sevilla voron:20260118,football,Cyber Live Arena (2x5 min),Atlético Madrid (T3RZ),Sevilla (Voron),2026-01-18 12:38:00,26
football:atlético madrid:alaves:20260118,football,La Liga,Atlético Madrid,Alaves,2026-01-18 15:15:00,210
football:atlético mineiromg:palmeirassp:20260128,football,Brasileirao Serie A,Atlético Mineiro-MG,Palmeiras-SP,2026-01-28 18:00:00,116
football:atlético mineiromg:tombensemg:20260118,football,Mineiro,Atlético Mineiro-MG,Tombense-MG,2026-01-18 21:00:00,139
football:atlético nacional sa:jaguares de córdoba:20260127,football,Liga Dimayor,Atlético Nacional S.A,Jaguares de Córdoba,2026-01-27 01:00:00,88
football:atlético nacional sa:millonarios:20260303,football,Copa Sudamericana,Atlético Nacional S.A,Millonarios FC,2026-03-03 15:00:00,112
football:atléticogo:goiásgo:20260118,football,Goiano,Atlético-GO,Goiás-GO,2026-01-18 19:00:00,103
football:auchinleck talbot:celtic:20260118,football,Scottish Cup,Auchinleck Talbot,Celtic,2026-01-18 17:30:00,131
football:auckland:central coast mariners:20260124,football,A-League,Auckland FC,Central Coast Mariners FC,2026-01-24 04:00:00,151
football:augsburg:freiburg:20260118,football,Bundesliga,FC Augsburg,SC Freiburg,2026-01-18 16:30:00,215
football:az alkmaar:excelsior rotterdam:20260121,football,Eredivisie,AZ Alkmaar,Excelsior Rotterdam,2026-01-21 17:45:00,182
football:b dortmund tonexo:arsenal dor1an:20260118,football,Esports Battle (2x4min),B Dortmund (tonexo),Arsenal (dor1an),2026-01-18 14:04:00,26
football:b dortmund tonexo:atleti og:20260118,football,Esports Battle (2x4min),B Dortmund (tonexo),Atleti (OG),2026-01-18 13:40:00,27
football:b dortmund tonexo:juventus mko1919:20260118,football,Esports Battle (2x4min),B Dortmund (tonexo),Juventus (mko1919),2026-01-18 13:16:00,28
football:b dortmund tonexo:man city hrk:20260118,football,Esports Battle (2x4min),B Dortmund (tonexo),Man City (hrk),2026-01-18 12:52:00,28
football:banfield:huracán:20260122,football,Liga Profesional Argentina,Banfield,Huracán,2026-01-22 23:00:00,148
football:bani yas uae:al bataeh:20260118,football,Arabian Gulf League,Bani Yas (UAE),Al Bataeh,2026-01-18 13:05:00,28
football:barakaldo:cd guadalajara spanien:20260118,football,Primera RFEF 1,Barakaldo,CD Guadalajara (Spanien),2026-01-18 17:15:00,66
football:barcelona bomb1to:atleti wboy:20260118,football,Esports Battle (2x4min),Barcelona (Bomb1to),Atleti (Wboy),2026-01-18 14:24:00,27
football:barcelona bomb1to:club arcos:20260118,football,Esports Battle (2x4min),Barcelona (Bomb1to),Athletic Club (Arcos),2026-01-18 13:12:00,28
football:barcelona bomb1to:madrid laikingdast:20260118,football,Esports Battle (2x4min),Barcelona (Bomb1to),Real Madrid (LaikingDast),2026-01-18 14:00:00,27
football:barcelona bomb1to:villarreal kraftvk:20260118,football,Esports Battle (2x4min),Barcelona (Bomb1to),Villarreal (KraftVK),2026-01-18 13:36:00,28
football:barcelona:argentinos jrs:20260219,football,Copa Libertadores,Barcelona SC,Argentinos Jrs,2026-02-19 00:30:00,116
football:barnet:oldham athletic:20260124,football,League Two,Barnet,Oldham Athletic,2026-01-24 12:30:00,119
football:barracas central:river plate:20260124,football,Liga Profesional Argentina,Barracas Central,River Plate,2026-01-24 20:00:00,103
football:barrow:crawley town:20260124,football,League Two,Barrow,Crawley Town,2026-01-24 15:00:00,126
football:basel:sion:20260118,football,Super League,Basel,FC Sion,2026-01-18 15:30:00,127
football:bayer leverkusen:bremen:20260124,football,Bundesliga,Bayer 04 Leverkusen,SV Werder Bremen,2026-01-24 14:30:00,85
football:bayern kudo_03:milan schabson:20260118,football,Cyber Live Arena (2x5 min),FC Bayern (kudo_03),Milan (Schabson),2026-01-18 14:58:00,26
football:bayern munchen flamez:madrid vivienne:20260118,football,eSports Battle (2x6 min),Bayern Munchen (flamez),Real Madrid (vivienne),2026-01-18 13:02:00,26
football:bayern munchen flamez:paris totti:20260118,football,eSports Battle (2x6 min),Bayern Munchen (flamez),Paris (Totti),2026-01-18 12:44:00,26
football:bayern munich:ru saintgilloise:20260121,football,Champions League,FC Bayern München,RU Saint-Gilloise,2026-01-21 20:00:00,59
football:beerschot:olympic charleroi:20260118,football,Challenger Pro League,Beerschot,Olympic Charleroi,2026-01-18 15:00:00,121
football:beşiktaş jk:kayserispor:20260119,football,Turkish Super Lig,Beşiktaş JK,Kayserispor,2026-01-19 17:00:00,154
football:birmingham:leeds:20260214,football,FA-cupen,Birmingham,Leeds,2026-02-14 15:00:00,3
football:blackpool:northampton town:20260124,football,League One,Blackpool,Northampton Town,2026-01-24 15:00:00,146
football:boca juniors:deportivo riestra:20260125,football,Liga Profesional Argentina,Boca Juniors,Deportivo Riestra,2026-01-25 21:30:00,143
football:bodrumspor:sivasspor:20260119,football,1. Lig,Bodrumspor,Sivasspor,2026-01-19 17:00:00,71
football:bodøglimt:manchester city:20260120,football,Champions League,FK Bodø/Glimt,Manchester City FC,2026-01-20 17:45:00,77
football:bolivia:panama:20260118,football,Internationella Vänskapsmatcher,Bolivia,Panama,2026-01-18 21:00:00,120
football:bologna:celtic:20260122,football,Europa League,Bologna FC 1909,Celtic FC,2026-01-22 17:45:00,149
football:bologna:fiorentina:20260118,football,Serie A,Bologna FC 1909,ACF Fiorentina,2026-01-18 14:00:00,219
football:bolton:leyton orient:20260124,football,League One,Bolton,Leyton Orient,2026-01-24 15:00:00,160
football:boluspor:sarıyer sk:20260118,football,1. Lig,Boluspor,Sarıyer S.K.,2026-01-18 13:00:00,75
football:boreham wood:scunthorpe:20260120,football,National League,Boreham Wood,Scunthorpe,2026-01-20 19:45:00,71
football:botafogorj:cruzeiromg:20260128,football,Brasileirao Serie A,Botafogo-RJ,Cruzeiro-MG,2026-01-28 18:00:00,219
football:bra:ravenna:20260118,football,Serie C Girone B,AC Bra,Ravenna,2026-01-18 16:30:00,16
football:brann:midtjylland:20260122,football,Europa League,SK Brann,FC Midtjylland,2026-01-22 17:45:00,137
football:brasilien:marocko:20260613,football,VM 2026,Brasilien,Marocko,2026-06-13 18:00:00,155
football:brighton d:nottingham forest d:20260118,football,FA-cupen (d),Brighton (d),Nottingham Forest (d),2026-01-18 13:00:00,69
football:brighton:bournemouth:20260119,football,Premier League,Brighton & Hove Albion FC,AFC Bournemouth,2026-01-19 20:00:00,226
football:brisbane roar:adelaide united:20260124,football,A-League,Brisbane Roar FC,Adelaide United FC,2026-01-24 06:00:00,134
football:bromley:swindon town:20260124,football,League Two,Bromley FC,Swindon Town,2026-01-24 15:00:00,120
football:brøndby:randers:20260208,football,Danish Superliga,Brøndby IF,Randers FC,2026-02-08 17:00:00,127
football:burgos:huesca:20260118,football,La Liga 2,Burgos,Huesca,2026-01-18 17:30:00,134
football:burnley:mansfield town:20260214,football,FA-cupen,Burnley,Mansfield Town,2026-02-14 15:00:00,3
football:burnley:tottenham:20260124,football,Premier League,Burnley FC,Tottenham Hotspur FC,2026-01-24 15:00:00,70
football:burton albion:west ham:20260214,football,FA-cupen,Burton Albion,West Ham,2026-02-14 12:15:00,3
football:ca boston river:racing club de montevideo:20260303,football,Copa Sudamericana,CA Boston River,Racing Club de Montevideo,2026-03-03 15:00:00,115
football:cacereño:arenas club de getxo:20260118,football,Primera RFEF 1,Cacereño,Arenas Club de Getxo,2026-01-18 15:00:00,73
football:cadiz:granada:20260124,football,La Liga 2,Cadiz,Granada,2026-01-24 20:00:00,143
football:cambridge united:tranmere:20260124,football,League Two,Cambridge United,Tranmere,2026-01-24 15:00:00,117
football:cambuur leeuwarden:eindhoven:20260123,football,Eerste Divisie,Cambuur Leeuwarden,FC Eindhoven,2026-01-23 19:00:00,149
football:carabobo:huachipato:20260217,football,Copa Libertadores,Carabobo FC,Huachipato,2026-02-17 22:00:00,115
football:caracas:metropolitanos:20260303,football,Copa Sudamericana,Caracas FC,Metropolitanos FC,2026-03-03 15:00:00,112
football:cardiff city:stockport county:20260124,football,League One,Cardiff City,Stockport County,2026-01-24 12:30:00,153
football:carlisle:york city:20260121,football,National League,Carlisle,York City,2026-01-21 19:45:00,75
football:carrarese:empoli:20260123,football,Serie B,Carrarese,Empoli,2026-01-23 19:30:00,119
football:casa pia:avs futebol:20260123,football,Primeira Liga,Casa Pia AC,AVS Futebol,2026-01-23 20:15:00,136
football:caxiasrs:guaranyrs:20260118,football,Gaúcho,Caxias-RS,Guarany-RS,2026-01-18 19:00:00,139
football:cd de tondela:sc braga:20260118,football,Primeira Liga,CD de Tondela,S.C. Braga,2026-01-18 18:00:00,147
football:cd fuerte san francisco morazan:cd hercules:20260118,football,Primera El Salvador,CD Fuerte San Francisco Morazan,CD Hercules,2026-01-18 21:00:00,109
football:cd malacitano:club atletico antoniano:20260118,football,Segunda RFEF 4,CD Malacitano,Club Atletico Antoniano,2026-01-18 15:00:00,66
football:cd quintanar del rey:rayo vallecano b:20260118,football,Segunda RFEF 5,CD Quintanar Del Rey,Rayo Vallecano B,2026-01-18 15:30:00,64
football:cd santa clara:famalicão:20260118,football,Primeira Liga,CD Santa Clara,FC Famalicão,2026-01-18 15:30:00,145
football:celta vigo:rayo vallecano:20260118,football,La Liga,Celta Vigo,Rayo Vallecano,2026-01-18 17:30:00,210
football:central córdoba:gimnasia y esgrima de mendoza:20260123,football,Liga Profesional Argentina,Central Córdoba,Gimnasia y Esgrima de Mendoza,2026-01-23 01:15:00,154
football:cerro porteño:libertad asuncion:20260124,football,Primera Paraguay,Cerro Porteño,Libertad Asuncion,2026-01-24 23:15:00,156
football:cesena:bari:20260124,football,Serie B,Cesena,Bari,2026-01-24 14:00:00,117
football:cfr cluj:oţelul galaţi:20260118,football,Liga I,CFR Cluj,Oţelul Galaţi,2026-01-18 15:45:00,143
football:chaouia:ca batna:20260120,football,Ligue 2,US Chaouia,CA Batna,2026-01-20 13:00:00,16
football:chapecoensesc:marcílio diassc:20260118,football,Catarinense,Chapecoense-SC,Marcílio Dias-SC,2026-01-18 22:30:00,110
football:chapecoensesc:santossp:20260128,football,Brasileirao Serie A,Chapecoense-SC,Santos-SP,2026-01-28 18:00:00,104
football:charlton athletic d:swindon town d:20260118,football,FA-cupen (d),Charlton Athletic (d),Swindon Town (d),2026-01-18 14:00:00,74
football:charlton athletic:derby county:20260120,football,The Championship,Charlton Athletic,Derby County,2026-01-20 19:45:00,89
football:chelsea djamik:liverpool bibib:20260118,football,Cyber Live Arena (2x5 min),Chelsea (djamik),Liverpool (BiBiB),2026-01-18 14:54:00,28
football:chelsea djamik:manchester city int1ligent:20260118,football,Cyber Live Arena (2x5 min),Chelsea (djamik),Manchester City (Int1liGenT),2026-01-18 13:30:00,28
football:chelsea:páfos:20260121,football,Champions League,Chelsea FC,Páfos FC,2026-01-21 20:00:00,59
football:cheltenham:grimsby town:20260124,football,League Two,Cheltenham,Grimsby Town,2026-01-24 15:00:00,122
football:cianortepr:cascavelpr:20260118,football,Paranaense,Cianorte-PR,Cascavel-PR,2026-01-18 20:30:00,109
football:cienciano cusco:fbc melgar:20260303,football,Copa Sudamericana,Cienciano Cusco,FBC Melgar,2026-03-03 15:00:00,120
football:club arcos:atleti wboy:20260118,football,Esports Battle (2x4min),Athletic Club (Arcos),Atleti (Wboy),2026-01-18 14:48:00,28
football:club arcos:barcelona bomb1to:20260118,football,Esports Battle (2x4min),Athletic Club (Arcos),Barcelona (Bomb1to),2026-01-18 14:12:00,28
football:club arcos:madrid laikingdast:20260118,football,Esports Battle (2x4min),Athletic Club (Arcos),Real Madrid (LaikingDast),2026-01-18 13:24:00,28
football:club arcos:villarreal kraftvk:20260118,football,Esports Battle (2x4min),Athletic Club (Arcos),Villarreal (KraftVK),2026-01-18 13:00:00,27
football:club brugge:zulte waregem:20260124,football,Jupiler Pro League,Club Brugge,Zulte Waregem,2026-01-24 17:15:00,171
football:club deportivo garcilaso:cristal:20260201,football,Liga 1,Club Deportivo Garcilaso,Sporting Cristal,2026-02-01 18:00:00,153
football:club deportivo junior:deportes tolima:20260118,football,Liga Dimayor,Club Deportivo Junior,Deportes Tolima,2026-01-18 23:20:00,148
football:club jaiba brava:tepatitlán de morelos:20260118,football,Liga de Expansion MX,Club Jaiba Brava,Tepatitlán de Morelos,2026-01-18 23:00:00,102
football:club marino de luanco:cd lealtad:20260118,football,Segunda RFEF 1,Club Marino de Luanco,CD Lealtad,2026-01-18 16:00:00,66
football:club santos laguna:juárez:20260118,football,Liga MX,Club Santos Laguna,FC Juárez,2026-01-18 23:00:00,159
football:cobresal:audax italiano:20260303,football,Copa Sudamericana,Cobresal,Audax Italiano,2026-03-03 00:30:00,117
football:colchester united:fleetwood town:20260124,football,League Two,Colchester United,Fleetwood Town,2026-01-24 15:00:00,120
football:comerciantes unidos:ucv moquegua:20260202,football,Liga 1,Comerciantes Unidos,UCV Moquegua,2026-02-02 20:00:00,119
football:corinthianssp:bahiaba:20260128,football,Brasileirao Serie A,Corinthians-SP,Bahia-BA,2026-01-28 18:00:00,114
football:corinthianssp:são paulosp:20260118,football,Paulista A1,Corinthians-SP,São Paulo-SP,2026-01-18 19:00:00,199
football:coritibapr:rb bragantinosp:20260128,football,Brasileirao Serie A,Coritiba-PR,RB Bragantino-SP,2026-01-28 18:00:00,200
football:coruxo:atlético astorga:20260118,football,Segunda RFEF 1,Coruxo FC,Atlético Astorga,2026-01-18 16:00:00,66
football:cosenza:crotone:20260119,football,Serie C Girone C,Cosenza,Crotone,2026-01-19 19:30:00,16
football:coventry city:millwall:20260120,football,The Championship,Coventry City,Millwall,2026-01-20 19:45:00,181
football:cp b:torreense:20260119,football,Liga 2,Sporting CP B,Torreense,2026-01-19 18:00:00,72
football:cracgo:abecat ouvidorense:20260118,football,Goiano,CRAC-GO,ABECAT Ouvidorense,2026-01-18 21:10:00,110
football:cremonese:verona:20260119,football,Serie A,US Cremonese,Hellas Verona FC,2026-01-19 17:30:00,204
football:criciúmasc:concordia ca:20260119,football,Catarinense,Criciúma-SC,Concordia CA,2026-01-19 22:30:00,112
football:cs cartaginés:ld alajuelense:20260122,football,Primera Division Costa Rica,CS Cartaginés,LD Alajuelense,2026-01-22 02:00:00,115
football:cseal:cruzeiroal:20260118,football,Alagoano,CSE-AL,Cruzeiro-AL,2026-01-18 19:00:00,68
football:csikszereda miercurea ciuc:botoşani:20260118,football,Liga I,Csikszereda Miercurea Ciuc,FC Botoşani,2026-01-18 13:30:00,157
football:córdoba:málaga:20260118,football,La Liga 2,Córdoba CF,Málaga,2026-01-18 20:00:00,154
football:cúcuta deportivo:once caldas manizales:20260119,football,Liga Dimayor,Cúcuta Deportivo,Once Caldas Manizales,2026-01-19 21:00:00,134
football:dag red:dover athletic:20260120,football,National League Södra,Dag & Red,Dover Athletic,2026-01-20 19:45:00,71
football:danmark:nordmakedonien:20260326,football,VM-kval slutspel,Danmark,Nordmakedonien,2026-03-26 13:00:00,120
football:darmstadt 98:nürnberg:20260123,football,2. Bundesliga,Darmstadt 98,1. FC Nürnberg,2026-01-23 17:30:00,157
football:de charleroi:standard liège:20260118,football,Jupiler Pro League,Sporting de Charleroi,Standard Liège,2026-01-18 17:30:00,162
football:de graafschap:rkc waalwijk:20260123,football,Eerste Divisie,De Graafschap,RKC Waalwijk,2026-01-23 19:00:00,162
football:de marseille:liverpool:20260121,football,Champions League,Olympique de Marseille,Liverpool FC,2026-01-21 20:00:00,62
football:de treffers:nec nijmegen:20260120,football,KNVB Beker,De Treffers,NEC Nijmegen,2026-01-20 17:45:00,135
football:defence force sc etp:saint george:20260122,football,Premier League,Defence Force SC (ETP),Saint George FC,2026-01-22 13:00:00,37
football:defence force:central:20260122,football,TT Premier Football League,Defence Force,Central FC,2026-01-22 00:00:00,76
football:deportes tolima:alianza:20260124,football,Liga Dimayor,Deportes Tolima,Alianza FC,2026-01-24 01:30:00,118
football:deportivo cali:independiente medellín:20260124,football,Liga Dimayor,Deportivo Cali,Independiente Medellín,2026-01-24 23:20:00,114
football:deportivo pasto:independiente medellín:20260118,football,Liga Dimayor,Deportivo Pasto,Independiente Medellín,2026-01-18 19:00:00,137
football:deportivo pereira:fortaleza:20260124,football,Liga Dimayor,Deportivo Pereira,Fortaleza FC,2026-01-24 19:00:00,119
football:deportivo recoleta:sportivo trinidense:20260123,football,Primera Paraguay,Deportivo Recoleta,Sportivo Trinidense,2026-01-23 21:00:00,141
football:dinamo bucureşti:universitatea cluj:20260118,football,Liga I,Dinamo Bucureşti,Universitatea Cluj,2026-01-18 18:30:00,150
football:doncaster rovers d:huddersfield town d:20260118,football,National League (d),Doncaster Rovers (d),Huddersfield Town (d),2026-01-18 16:00:00,16
football:doncaster rovers:wigan athletic:20260124,football,League One,Doncaster Rovers,Wigan Athletic,2026-01-24 15:00:00,153
football:dordrecht:den bosch:20260123,football,Eerste Divisie,FC Dordrecht,FC Den Bosch,2026-01-23 19:00:00,159
football:dundee united:st mirren:20260124,football,Scottish Premiership,Dundee United,St Mirren,2026-01-24 15:00:00,145
football:durham cestria w:stockport county w:20260118,football,National League (d),Durham Cestria (W),Stockport County (W),2026-01-18 14:00:00,16
football:dvsc debreceni:diósgyőri vtk:20260125,football,NB 1,DVSC Debreceni,Diósgyőri VTK,2026-01-25 12:00:00,164
football:dynamo kyiv laikingdast:crystal palace kraftvk:20260118,football,Esports Battle (2x4min),Dynamo Kyiv (LaikingDast),Crystal Palace (KraftVK),2026-01-18 12:38:00,26
football:ebro:náxara:20260118,football,Segunda RFEF 2,Ebro,Náxara CD,2026-01-18 14:45:00,68
football:eindhoven:willem ii:20260118,football,Eerste Divisie,FC Eindhoven,Willem II,2026-01-18 15:45:00,153
football:elche:sevilla:20260119,football,La Liga,Elche CF,Sevilla FC,2026-01-19 20:00:00,171
football:elfenbenskusten:ecuador:20260614,football,VM 2026,Elfenbenskusten,Ecuador,2026-06-14 18:00:00,149
football:emmen:jong ajax:20260124,football,Eerste Divisie,FC Emmen,Jong Ajax,2026-01-24 15:30:00,152
football:england cevuu:argentina bolec:20260118,football,eSports Battle (2x6 min),England (Cevuu),Argentina (Bolec),2026-01-18 13:48:00,26
football:england cevuu:spanien glumac:20260118,football,eSports Battle (2x6 min),England (Cevuu),Spanien (Glumac),2026-01-18 14:42:00,26
football:england double_s:spanien ar2r:20260118,football,Cyber Live Arena (2x5 min),England (Double_S),Spanien (ar2r),2026-01-18 14:06:00,27
football:england:kroatien:20260617,football,VM 2026,England,Kroatien,2026-06-17 18:00:00,154
football:eskişehirspor:bergama belediyespor:20260118,football,3. Ligi,Eskişehirspor,Bergama Belediyespor,2026-01-18 14:00:00,16
football:espanyol b:reus fc reddis:20260118,football,Segunda RFEF 3,Espanyol B,Reus FC Reddis,2026-01-18 15:15:00,72
football:estoril:vitoria guimarães:20260124,football,Primeira Liga,Estoril,Vitoria Guimarães,2026-01-24 20:30:00,138
football:estrela:estoril:20260119,football,Primeira Liga,CF Estrela,Estoril,2026-01-19 20:15:00,143
football:estudiantes de la plata:ca ituzaingo:20260120,football,Copa Argentina,Estudiantes de La Plata,CA Ituzaingo,2026-01-20 00:15:00,117
football:ethiopia nigd bank:adama city:20260121,football,Premier League,Ethiopia Nigd Bank,Adama City,2026-01-21 12:00:00,39
football:everton d:brighton d:20260123,football,Super League - Damer,Everton (d),Brighton (d),2026-01-23 19:00:00,122
football:everton:leeds:20260126,football,Premier League,Everton,Leeds,2026-01-26 20:00:00,56
football:falkirk:hibernian:20260124,football,Scottish Premiership,Falkirk,Hibernian,2026-01-24 15:00:00,154
football:fasil kenema:hadiya hosaena:20260120,football,Premier League,Fasil Kenema SC,Hadiya Hosaena,2026-01-20 12:00:00,39
football:fatih karagümrük:galatasaray:20260124,football,Turkish Super Lig,Fatih Karagümrük SK,Galatasaray SK,2026-01-24 17:00:00,148
football:fbc melgar:cienciano cusco:20260131,football,Liga 1,FBC Melgar,Cienciano Cusco,2026-01-31 23:30:00,157
football:fcv dender eh:royal antwerp:20260118,football,Jupiler Pro League,FCV Dender EH,Royal Antwerp FC,2026-01-18 15:00:00,167
football:feirense:porto b:20260119,football,Liga 2,Feirense,FC Porto B,2026-01-19 18:00:00,68
football:fenerbahce grellz:salzburg nathana1l:20260118,football,Esports Battle (2x4min),Fenerbahce (Grellz),Salzburg (Nathana1l),2026-01-18 14:52:00,28
football:fenerbahçe:aston villa:20260122,football,Europa League,Fenerbahçe SK,Aston Villa FC,2026-01-22 17:45:00,128
football:feyenoord d:excelsior d:20260118,football,Eredivisie - Damer,Feyenoord (d),Excelsior (d),2026-01-18 15:45:00,16
football:feyenoord:sparta rotterdam:20260118,football,Eredivisie,Feyenoord,Sparta Rotterdam,2026-01-18 15:45:00,211
football:feyenoord:sturm graz:20260122,football,Europa League,Feyenoord,Sturm Graz,2026-01-22 17:45:00,152
football:figueirensesc:avaísc:20260118,football,Catarinense,Figueirense-SC,Avaí-SC,2026-01-18 21:00:00,119
football:fiorentina:como:20260127,football,Coppa Italia,Fiorentina,Como,2026-01-27 20:00:00,180
football:flamengorj:corinthianssp:20260201,football,Supercopa do Brasil,Flamengo-RJ,Corinthians-SP,2026-02-01 19:00:00,118
football:flamengorj:vasco da gamarj:20260122,football,Carioca A,Flamengo-RJ,Vasco da Gama-RJ,2026-01-22 00:30:00,190
football:fluminenserj:grêmio:20260128,football,Brasileirao Serie A,Fluminense-RJ,Grêmio,2026-01-28 18:00:00,211
football:foggia:giugliano:20260118,football,Serie C Girone C,Foggia,Giugliano,2026-01-18 19:30:00,16
football:forest green rovers:altrincham:20260121,football,National League,Forest Green Rovers,Altrincham,2026-01-21 19:45:00,69
football:fortalezace:maracanã ecce:20260118,football,Cearense,Fortaleza-CE,Maracanã EC-CE,2026-01-18 21:00:00,121
football:france elmagico:england cevuu:20260118,football,eSports Battle (2x6 min),France (Elmagico),England (Cevuu),2026-01-18 14:24:00,26
football:france elmagico:tyskland maslja:20260118,football,eSports Battle (2x6 min),France (Elmagico),Tyskland (Maslja),2026-01-18 13:48:00,24
football:france hd_08:england double_s:20260118,football,Cyber Live Arena (2x5 min),France (HD_08),England (Double_S),2026-01-18 13:24:00,28
football:france hd_08:italien savinho:20260118,football,Cyber Live Arena (2x5 min),France (HD_08),Italien (savinho),2026-01-18 13:38:00,26
football:france hd_08:spanien ar2r:20260118,football,Cyber Live Arena (2x5 min),France (HD_08),Spanien (ar2r),2026-01-18 13:52:00,28
football:frankfurt:hoffenheim:20260124,football,Bundesliga,Eintracht Frankfurt,TSG 1899 Hoffenheim,2026-01-24 14:30:00,84
football:frankrike:senegal:20260616,football,VM 2026,Frankrike ,Senegal,2026-06-16 18:00:00,152
football:freiburg:mh maccabi tel aviv:20260122,football,Europa League,SC Freiburg,MH Maccabi Tel Aviv,2026-01-22 17:45:00,171
football:frosinone:reggiana:20260124,football,Serie B,Frosinone,Reggiana,2026-01-24 14:00:00,121
football:fulham:brighton:20260124,football,Premier League,Fulham FC,Brighton & Hove Albion FC,2026-01-24 15:00:00,142
football:galatasaray:club atlético de madrid:20260121,football,Champions League,Galatasaray SK,Club Atlético de Madrid,2026-01-21 17:45:00,97
football:gaziantep:konyaspor:20260125,football,Turkish Super Lig,Gaziantep FK,Konyaspor,2026-01-25 11:30:00,146
football:gençlerbirliği:samsunspor:20260118,football,Turkish Super Lig,Gençlerbirliği SK,Samsunspor,2026-01-18 14:00:00,140
football:gernika:rz deportivo aragón:20260118,football,Segunda RFEF 2,Gernika,RZ Deportivo Aragón,2026-01-18 16:00:00,66
football:getafe:valencia:20260118,football,La Liga,Getafe CF,Valencia CF,2026-01-18 13:00:00,147
football:ghana:panama:20260617,football,VM 2026,Ghana,Panama,2026-06-17 18:00:00,151
football:gijón:mirandés:20260124,football,La Liga 2,Sporting Gijón,Mirandés,2026-01-24 17:30:00,146
football:gimnasia de la plata:racing club:20260124,football,Liga Profesional Argentina,Gimnasia de La Plata,Racing Club,2026-01-24 22:30:00,70
football:gimnástica segoviana:rayo cantabria:20260118,football,Segunda RFEF 1,Gimnástica Segoviana,Rayo Cantabria,2026-01-18 16:00:00,69
football:granada:eibar:20260119,football,La Liga 2,Granada,Eibar,2026-01-19 19:30:00,148
football:grasshoppers:thun:20260118,football,Super League,Grasshoppers,Thun,2026-01-18 15:30:00,122
football:greuther fürth:eintracht braunschweig:20260124,football,2. Bundesliga,Greuther Fürth,Eintracht Braunschweig,2026-01-24 12:00:00,163
football:grimsby town:timberwolves:20260214,football,FA-cupen,Grimsby Town,Wolves,2026-02-14 15:00:00,3
football:guadalajara d:santos laguna d:20260118,football,Liga MX Femenil - Damer,Guadalajara (d),Santos Laguna (d),2026-01-18 17:00:00,72
football:guadalupe:municipal liberia:20260119,football,Primera Division Costa Rica,Guadalupe,Municipal Liberia,2026-01-19 00:00:00,118
football:guaranisp:santossp:20260118,football,Paulista A1,Guarani-SP,Santos-SP,2026-01-18 23:30:00,136
football:göztepe:çaykur rizespor:20260119,football,Turkish Super Lig,Göztepe SK,Çaykur Rizespor,2026-01-19 17:00:00,136
football:haiti:skottland:20260613,football,VM 2026,Haiti,Skottland,2026-06-13 18:00:00,155
football:halifax town:morecambe:20260121,football,National League,Halifax Town,Morecambe,2026-01-21 19:45:00,72
football:hampton richmond:chesham united:20260120,football,National League Södra,Hampton & Richmond,Chesham United,2026-01-20 19:45:00,73
football:hannover:fortuna düsseldorf:20260124,football,2. Bundesliga,Hannover 96,Fortuna Düsseldorf,2026-01-24 12:00:00,158
football:hapoel ironi kiryat shmona:hapoel haifa:20260119,football,Ligat Ha'Al,Hapoel Ironi Kiryat Shmona,Hapoel Haifa,2026-01-19 17:30:00,73
football:hapoel kfar saba:hapoel afula:20260119,football,Liga Leumit,Hapoel Kfar Saba,Hapoel Afula,2026-01-19 17:00:00,69
football:hapoel tel aviv:hapoel beer sheva:20260119,football,Ligat Ha'Al,Hapoel Tel Aviv,Hapoel Beer Sheva,2026-01-19 18:00:00,75
football:harrogate town:gillingham:20260124,football,League Two,Harrogate Town,Gillingham,2026-01-24 15:00:00,120
football:hartlepool united:gateshead:20260120,football,National League,Hartlepool United,Gateshead,2026-01-20 19:45:00,69
football:havelse:hoffenheim ii:20260118,football,3. Liga,TSV Havelse,Hoffenheim II,2026-01-18 18:30:00,79
football:heerenveen d:az alkmaar d:20260118,football,Eredivisie - Damer,SC Heerenveen (d),AZ Alkmaar (d),2026-01-18 15:45:00,16
football:heidenheim:rb leipzig:20260124,football,Bundesliga,1. FC Heidenheim 1846,RB Leipzig,2026-01-24 14:30:00,185
football:heracles almelo:twente 65:20260118,football,Eredivisie,Heracles Almelo,FC Twente '65,2026-01-18 13:30:00,201
football:hermannstadt:dinamo bucureşti:20260123,football,Liga I,AFC Hermannstadt,Dinamo Bucureşti,2026-01-23 18:00:00,146
football:huddersfield:bradford city:20260124,football,League One,Huddersfield,Bradford City,2026-01-24 12:30:00,156
football:hull:chelsea:20260213,football,FA-cupen,Hull ,Chelsea,2026-02-13 19:45:00,3
football:independiente rivadavia:club atlético tucumán:20260124,football,Liga Profesional Argentina,Independiente Rivadavia,Club Atlético Tucumán,2026-01-24 01:15:00,152
football:independiente rivadavia:estudiantes de buenos aires:20260118,football,Copa Argentina,Independiente Rivadavia,Estudiantes de Buenos Aires,2026-01-18 22:00:00,115
football:independiente santa fe:aguilas doradas rionegro:20260119,football,Liga Dimayor,Independiente Santa Fe,Aguilas Doradas Rionegro,2026-01-19 01:30:00,139
football:independiente santa fe:club deportivo junior:20260122,football,Superliga Dimayor,Independiente Santa Fe,Club Deportivo Junior,2026-01-22 00:30:00,176
football:independiente:estudiantes de la plata:20260123,football,Liga Profesional Argentina,Independiente,Estudiantes de La Plata,2026-01-23 23:00:00,156
football:instituto:club atlético vélez sarsfield:20260123,football,Liga Profesional Argentina,Instituto,Club Atlético Vélez Sarsfield,2026-01-23 01:15:00,185
football:inter milan d:juventus d:20260118,football,Serie A (W),Inter Milan (d),Juventus (d),2026-01-18 14:30:00,73
football:inter milan:arsenal:20260120,football,Champions League,FC Internazionale Milano,Arsenal FC,2026-01-20 20:00:00,62
football:internacional de bogotá:cúcuta deportivo:20260123,football,Liga Dimayor,Internacional de Bogotá,Cúcuta Deportivo,2026-01-23 23:20:00,112
football:internacionalrs:athletico paranaensepr:20260128,football,Brasileirao Serie A,Internacional-RS,Athletico Paranaense-PR,2026-01-28 18:00:00,117
football:internazionale ll:virtus verona:20260118,football,Serie C Girone A,Internazionale ll,Virtus Verona,2026-01-18 16:30:00,16
football:ipswich town fc d:sheffield united d:20260118,football,FA-cupen (d),Ipswich Town FC (d),Sheffield United (d),2026-01-18 13:00:00,71
football:ipswich town:bristol city:20260120,football,The Championship,Ipswich Town,Bristol City,2026-01-20 19:45:00,95
football:iran:nya zeeland:20260615,football,VM 2026,Iran,Nya Zeeland,2026-06-15 18:00:00,154
football:istanbulspor:keciörengücü:20260119,football,1. Lig,Istanbulspor,Keciörengücü,2026-01-19 14:00:00,75
football:itabirito fcmg:américamg:20260118,football,Mineiro,Itabirito FC-MG,América-MG,2026-01-18 14:00:00,113
football:italien savinho:england double_s:20260118,football,Cyber Live Arena (2x5 min),Italien (savinho),England (Double_S),2026-01-18 13:10:00,28
football:italien savinho:spanien ar2r:20260118,football,Cyber Live Arena (2x5 min),Italien (savinho),Spanien (ar2r),2026-01-18 13:24:00,28
football:italien:nordirland:20260326,football,VM-kval slutspel,Italien,Nordirland,2026-03-26 13:00:00,119
football:jaguares de córdoba:deportivo cali:20260118,football,Liga Dimayor,Jaguares de Córdoba,Deportivo Cali,2026-01-18 21:10:00,90
football:jaén:lorca deportiva:20260118,football,Segunda RFEF 4,Real Jaén CF,Lorca Deportiva CF,2026-01-18 17:00:00,66
football:jong ajax:roda jc:20260119,football,Eerste Divisie,Jong Ajax,Roda JC ,2026-01-19 19:00:00,153
football:jong fc utrecht:jong psv eindhoven:20260119,football,Eerste Divisie,Jong FC Utrecht,Jong PSV Eindhoven,2026-01-19 19:00:00,155
football:juan pablo ii college:cajamarca:20260131,football,Liga 1,Juan Pablo II College,FC Cajamarca,2026-01-31 20:15:00,124
football:juazeirenseba:jequieba:20260119,football,Baiano,Juazeirense-BA,Jequie-BA,2026-01-19 00:00:00,110
football:juve stabia:virtus entella:20260124,football,Serie B,Juve Stabia,Virtus Entella,2026-01-24 14:00:00,115
football:juventud de las piedras:universidad católica ecu:20260204,football,Copa Libertadores,Juventud de Las Piedras,Universidad Católica (ECU),2026-02-04 15:00:00,122
football:juventus mko1919:arsenal dor1an:20260118,football,Esports Battle (2x4min),Juventus (mko1919),Arsenal (dor1an),2026-01-18 12:52:00,28
football:juventus mko1919:atleti og:20260118,football,Esports Battle (2x4min),Juventus (mko1919),Atleti (OG),2026-01-18 13:28:00,28
football:juventus mko1919:b dortmund tonexo:20260118,football,Esports Battle (2x4min),Juventus (mko1919),B Dortmund (tonexo),2026-01-18 14:16:00,28
football:juventus mko1919:man city hrk:20260118,football,Esports Battle (2x4min),Juventus (mko1919),Man City (hrk),2026-01-18 13:40:00,28
football:juventus:benfica:20260121,football,Champions League,Juventus,Benfica,2026-01-21 20:00:00,62
football:kairat almaty:club brugge:20260120,football,Champions League,Kairat Almaty,Club Brugge,2026-01-20 15:30:00,144
football:kaizer chiefs:golden arrows:20260120,football,SA Premier Soccer League,Kaizer Chiefs,Golden Arrows,2026-01-20 17:30:00,111
football:karlsruher:hertha bsc:20260124,football,2. Bundesliga,Karlsruher SC,Hertha BSC,2026-01-24 12:00:00,162
football:kayserispor:rams başakşehir:20260124,football,Turkish Super Lig,Kayserispor,Rams Başakşehir FK,2026-01-24 11:30:00,144
football:kisvarda:mtk budapest:20260124,football,NB 1,Kisvarda,MTK Budapest FC,2026-01-24 14:00:00,153
football:kocaelispor:trabzonspor:20260118,football,Turkish Super Lig,Kocaelispor,Trabzonspor,2026-01-18 14:00:00,140
football:konyaspor:eyüpspor:20260119,football,Turkish Super Lig,Konyaspor,Eyüpspor,2026-01-19 14:00:00,138
football:kortrijk:genk u23:20260123,football,Challenger Pro League,Kortrijk,KRC Genk U23,2026-01-23 19:00:00,125
football:ksc lokeren:beerschot:20260124,football,Challenger Pro League,KSC Lokeren,Beerschot,2026-01-24 15:00:00,122
football:københavn:napoli:20260120,football,Champions League,FC København,SSC Napoli,2026-01-20 20:00:00,99
football:lanús:sarmiento de la banda:20260119,football,Copa Argentina,Lanús,Atletico Sarmiento de la Banda,2026-01-19 00:15:00,117
football:larissa:aris thessaloniki:20260118,football,Super League,Larissa,Aris Thessaloniki,2026-01-18 15:00:00,113
football:larissa:panserraikos:20260124,football,Super League,Larissa,Panserraikos,2026-01-24 18:00:00,39
football:lausanne:grasshoppers:20260124,football,Super League,Lausanne,Grasshoppers,2026-01-24 17:00:00,127
football:lazio:como:20260119,football,Serie A,SS Lazio,Como 1907,2026-01-19 19:45:00,173
football:le havre:monaco:20260124,football,Ligue 1,Le Havre AC,AS Monaco FC,2026-01-24 18:00:00,96
football:leamington:buxton:20260120,football,National League Norra,Leamington,Buxton FC,2026-01-20 19:45:00,72
football:leganés:sociedad b:20260124,football,La Liga 2,Leganés,Real Sociedad B,2026-01-24 15:15:00,144
football:leicester city d:west ham united d:20260125,football,Super League - Damer,Leicester City (d),West Ham United (d),2026-01-25 11:55:00,117
football:lincoln city:burton albion:20260122,football,League One,Lincoln City,Burton Albion,2026-01-22 20:00:00,156
football:lissabon:paris saint-germain:20260120,football,Champions League,Sporting Lissabon,PSG,2026-01-20 20:00:00,165
football:liverpool bibib:chelsea djamik:20260118,football,Cyber Live Arena (2x5 min),Liverpool (BiBiB),Chelsea (djamik),2026-01-18 13:44:00,28
football:liverpool bibib:psg jur_kr:20260118,football,Cyber Live Arena (2x5 min),Liverpool (BiBiB),PSG (Jur_Kr),2026-01-18 13:30:00,28
football:liverpool d:tottenham d:20260125,football,Super League - Damer,Liverpool (d),Tottenham (d),2026-01-25 11:55:00,125
football:liverpool fc montevideo:independiente medellín:20260218,football,Copa Libertadores,Liverpool FC Montevideo,Independiente Medellín,2026-02-18 00:30:00,127
football:liverpool:brighton:20260214,football,FA-cupen,Liverpool,Brighton,2026-02-14 15:00:00,3
football:livingston:st mirren:20260120,football,Scottish Premiership,Livingston,St Mirren,2026-01-20 19:45:00,152
football:llaneros fc:atlético bucaramanga:20260124,football,Liga Dimayor,Llaneros F.C.,Atlético Bucaramanga,2026-01-24 21:10:00,113
football:lommel:eupen:20260124,football,Challenger Pro League,Lommel SK,AS Eupen,2026-01-24 19:00:00,122
football:london bees lfc d:liverpool d:20260118,football,FA-cupen (d),London Bees LFC (d),Liverpool (d),2026-01-18 13:00:00,64
football:london city lionesses d:manchester city d:20260125,football,Super League - Damer,London City Lionesses (d),Manchester City (d),2026-01-25 11:55:00,126
football:loughborough lightning fc w:derby county fc d:20260118,football,National League (d),Loughborough Lightning FC (W),Derby County FC (d),2026-01-18 14:00:00,16
football:lugano:winterthur:20260124,football,Super League,Lugano,Winterthur,2026-01-24 17:00:00,127
football:lugo:unionistas de salamanca:20260118,football,Primera RFEF 1,Lugo,Unionistas de Salamanca CF,2026-01-18 15:00:00,66
football:lusitania lourosa:marítimo funchal:20260118,football,Liga 2,Lusitania Lourosa,Marítimo Funchal,2026-01-18 14:00:00,71
football:lyon fc_pitbull:marseille shocker23:20260118,football,Esports Battle (2x4min),Lyon (Fc_Pitbull),Marseille (Shocker23),2026-01-18 13:06:00,28
football:lyon fc_pitbull:paris luvsitigre:20260118,football,Esports Battle (2x4min),Lyon (Fc_Pitbull),Paris (LuvSiTigre),2026-01-18 13:54:00,28
football:macarthur:melbourne city:20260124,football,A-League,Macarthur FC,Melbourne City FC,2026-01-24 08:35:00,162
football:maccabi haifa:maccabi tel aviv:20260118,football,Ligat Ha'Al,Maccabi Haifa,Maccabi Tel Aviv,2026-01-18 18:30:00,73
football:macclesfield town:brentford:20260214,football,FA-cupen,Macclesfield Town,Brentford,2026-02-14 15:00:00,3
football:madrid b w:se aem d:20260118,football,Primera Federación (d),Real Madrid B (W),SE AEM (d),2026-01-18 15:00:00,16
football:madrid castilla:merida ad:20260118,football,Primera RFEF 1,Real Madrid Castilla,Merida AD,2026-01-18 17:15:00,66
football:madrid laikingdast:atleti wboy:20260118,football,Esports Battle (2x4min),Real Madrid (LaikingDast),Atleti (Wboy),2026-01-18 13:36:00,26
football:madrid laikingdast:barcelona bomb1to:20260118,football,Esports Battle (2x4min),Real Madrid (LaikingDast),Barcelona (Bomb1to),2026-01-18 13:00:00,27
football:madrid laikingdast:club arcos:20260118,football,Esports Battle (2x4min),Real Madrid (LaikingDast),Athletic Club (Arcos),2026-01-18 14:24:00,28
football:madrid laikingdast:villarreal kraftvk:20260118,football,Esports Battle (2x4min),Real Madrid (LaikingDast),Villarreal (KraftVK),2026-01-18 14:48:00,27
football:madrid terry14:club palkan:20260118,football,Cyber Live Arena (2x5 min),Real Madrid (Terry14),Athletic Club (palkan),2026-01-18 12:38:00,26
football:madrid vivienne:liverpool gangsta_panda:20260118,football,eSports Battle (2x6 min),Real Madrid (vivienne),Liverpool (GanGsta_Panda),2026-01-18 12:44:00,26
football:magdeburg:dynamo dresden:20260124,football,2. Bundesliga,1. FC Magdeburg,Dynamo Dresden,2026-01-24 19:30:00,171
football:maguarype:retrôpe:20260118,football,Pernambucano,Maguary-PE,Retrô-PE,2026-01-18 18:00:00,110
football:mainz arcos:fiorentina wboy:20260118,football,Esports Battle (2x4min),Mainz (Arcos),Fiorentina (Wboy),2026-01-18 12:38:00,28
football:mainz:wolfsburg:20260124,football,Bundesliga,1. FSV Mainz 05,VfL Wolfsburg,2026-01-24 14:30:00,49
football:malmö:crvena zvezda:20260122,football,Europa League,Malmö FF,FK Crvena zvezda,2026-01-22 17:45:00,167
football:man city hrk:arsenal dor1an:20260118,football,Esports Battle (2x4min),Man City (hrk),Arsenal (dor1an),2026-01-18 14:28:00,28
football:man city hrk:atleti og:20260118,football,Esports Battle (2x4min),Man City (hrk),Atleti (OG),2026-01-18 13:04:00,28
football:man city hrk:b dortmund tonexo:20260118,football,Esports Battle (2x4min),Man City (hrk),B Dortmund (tonexo),2026-01-18 13:52:00,28
football:man city hrk:juventus mko1919:20260118,football,Esports Battle (2x4min),Man City (hrk),Juventus (mko1919),2026-01-18 12:40:00,28
football:manchester city int1ligent:chelsea djamik:20260118,football,Cyber Live Arena (2x5 min),Manchester City (Int1liGenT),Chelsea (djamik),2026-01-18 14:40:00,28
football:manchester city int1ligent:liverpool bibib:20260118,football,Cyber Live Arena (2x5 min),Manchester City (Int1liGenT),Liverpool (BiBiB),2026-01-18 14:12:00,28
football:manchester city int1ligent:psg jur_kr:20260118,football,Cyber Live Arena (2x5 min),Manchester City (Int1liGenT),PSG (Jur_Kr),2026-01-18 14:26:00,27
football:manchester city:newcastle:20260204,football,EFL Cup,Manchester City,Newcastle United,2026-02-04 20:00:00,184
football:manchester city:timberwolves:20260124,football,Premier League,Manchester City,Wolves,2026-01-24 15:00:00,2
football:manchester united d:burnley d:20260118,football,FA-cupen (d),Manchester United (d),Burnley (d),2026-01-18 13:00:00,66
football:mantova:venezia:20260124,football,Serie B,Mantova,Venezia,2026-01-24 14:00:00,121
football:marine:radcliffe:20260120,football,National League Norra,Marine,Radcliffe FC,2026-01-20 19:45:00,75
football:marseille shocker23:lyon fc_pitbull:20260118,football,Esports Battle (2x4min),Marseille (Shocker23),Lyon (Fc_Pitbull),2026-01-18 14:06:00,28
football:marseille shocker23:nice krissnusa7:20260118,football,Esports Battle (2x4min),Marseille (Shocker23),Nice (Krissnusa7),2026-01-18 13:18:00,28
football:marseille shocker23:paris luvsitigre:20260118,football,Esports Battle (2x4min),Marseille (Shocker23),Paris (LuvSiTigre),2026-01-18 12:42:00,28
football:mazatlán fc d:atlas d:20260122,football,Liga MX Femenil - Damer,Mazatlán FC (d),Atlas (d),2026-01-22 03:06:00,69
football:mc saïda:el harrach:20260120,football,Ligue 2,MC Saïda,El Harrach,2026-01-20 13:00:00,16
football:mekele 70 enderta:ethiopia electricity:20260120,football,Premier League,Mekele 70 Enderta FC,Ethiopia Electricity,2026-01-20 12:00:00,37
football:metaloglobus bucureşti:argeş:20260123,football,Liga I,FC Metaloglobus Bucureşti,FC Argeş,2026-01-23 15:00:00,138
football:mexiko:sydafrika:20260611,football,VM 2026,Mexiko,Sydafrika,2026-06-11 19:00:00,154
football:midtjylland:københavn:20260208,football,Danish Superliga,FC Midtjylland,FC København,2026-02-08 15:00:00,123
football:millonarios:club deportivo junior:20260125,football,Liga Dimayor,Millonarios FC,Club Deportivo Junior,2026-01-25 23:10:00,115
football:milton keynes dons:shrewsbury:20260124,football,League Two,Milton Keynes Dons,Shrewsbury,2026-01-24 15:00:00,116
football:mirandés:andorra:20260118,football,La Liga 2,Mirandés,FC Andorra,2026-01-18 13:00:00,152
football:mirassol:cr vasco da gama:20260128,football,Brazil Serie A,Mirassol FC,CR Vasco da Gama,2026-01-28 23:00:00,178
football:mirassolsp:rb bragantinosp:20260121,football,Paulista A1,Mirassol-SP,RB Bragantino-SP,2026-01-21 23:00:00,170
football:modena:palermo:20260124,football,Serie B,Modena,Palermo,2026-01-24 16:15:00,119
football:monopoli:catania:20260118,football,Serie C Girone C,Monopoli,Catania,2026-01-18 19:30:00,16
football:monsoon:avenidars:20260118,football,Gaúcho,Monsoon FC,Avenida-RS,2026-01-18 22:00:00,139
football:montego bay united:portmore united:20260118,football,Premier League,Montego Bay United,Portmore United,2026-01-18 20:00:00,64
football:montevideo city torque:defensor sporting:20260303,football,Copa Sudamericana,Montevideo City Torque,Defensor Sporting,2026-03-03 15:00:00,117
football:monza:pescara:20260124,football,Serie B,Monza,Pescara,2026-01-24 14:00:00,119
football:moreirense:cd santa clara:20260124,football,Primeira Liga,Moreirense FC,CD Santa Clara,2026-01-24 15:30:00,137
football:motherwell d:celtic d:20260118,football,Premier League damer,Motherwell (d),Celtic (d),2026-01-18 16:00:00,11
football:motherwell:kilmarnock:20260124,football,Scottish Premiership,Motherwell,Kilmarnock,2026-01-24 15:00:00,151
football:municipal pérez zeledón:ld alajuelense:20260118,football,Primera Division Costa Rica,Municipal Pérez Zeledón,LD Alajuelense,2026-01-18 21:00:00,111
football:muricial:coruripeal:20260118,football,Alagoano,Murici-AL,Coruripe-AL,2026-01-18 19:00:00,24
football:mvv maastricht:jong fc utrecht:20260123,football,Eerste Divisie,MVV Maastricht,Jong FC Utrecht,2026-01-23 19:00:00,156
football:málaga:burgos:20260123,football,La Liga 2,Málaga,Burgos,2026-01-23 19:30:00,149
football:nacional asunción:sportivo san lorenzo:20260124,football,Primera Paraguay,Nacional Asunción,Sportivo San Lorenzo,2026-01-24 21:00:00,123
football:nacional de montevideo:deportivo recoleta:20260303,football,Copa Sudamericana,Nacional de Montevideo,Deportivo Recoleta,2026-03-03 15:00:00,116
football:nacionalpb:pombal:20260118,football,Paraibano,Nacional-PB,Pombal,2026-01-18 20:00:00,68
football:nancy:guingamp:20260119,football,Ligue 2,Nancy,Guingamp ,2026-01-19 19:45:00,117
football:nantes:nice:20260125,football,Ligue 1,Nantes,Nice,2026-01-25 14:00:00,59
football:nantes:paris:20260118,football,Ligue 1,FC Nantes,Paris FC,2026-01-18 16:15:00,204
football:nederländerna:japan:20260614,football,VM 2026,Nederländerna,Japan,2026-06-14 18:00:00,158
football:neom:al hilal:20260118,football,Professional League,Neom SC,Al Hilal,2026-01-18 17:30:00,192
football:newcastle united jets:wellington phoenix:20260123,football,A-League,Newcastle United Jets FC,Wellington Phoenix FC,2026-01-23 08:35:00,162
football:newcastle:psv:20260121,football,Champions League,Newcastle United FC,PSV,2026-01-21 20:00:00,61
football:newport county:chesterfield:20260124,football,League Two,Newport County,Chesterfield,2026-01-24 15:00:00,122
football:nice krissnusa7:marseille shocker23:20260118,football,Esports Battle (2x4min),Nice (Krissnusa7),Marseille (Shocker23),2026-01-18 14:18:00,28
football:nice krissnusa7:paris luvsitigre:20260118,football,Esports Battle (2x4min),Nice (Krissnusa7),Paris (LuvSiTigre),2026-01-18 13:06:00,28
football:nordsjælland:sønderjyske fodbold:20260208,football,Danish Superliga,FC Nordsjælland,Sønderjyske Fodbold,2026-02-08 13:00:00,125
football:norwich city:west bromwich:20260214,football,FA-cupen,Norwich City,West Bromwich,2026-02-14 15:00:00,3
football:notts county:crewe alexandra:20260124,football,League Two,Notts County,Crewe Alexandra,2026-01-24 12:30:00,120
football:nova iguaçurj:fluminenserj:20260123,football,Carioca A,Nova Iguaçu-RJ,Fluminense-RJ,2026-01-23 00:30:00,138
football:novorizontinosp:palmeirassp:20260120,football,Paulista A1,Novorizontino-SP,Palmeiras-SP,2026-01-20 23:00:00,162
football:nyíregyháza spartacus:újpesti:20260124,football,NB 1,Nyíregyháza Spartacus,Újpesti FC,2026-01-24 11:30:00,42
football:náuticope:sport recifepe:20260118,football,Pernambucano,Náutico-PE,Sport Recife-PE,2026-01-18 21:00:00,107
football:oh leuven:union saintgilloise:20260124,football,Jupiler Pro League,OH Leuven,Union Saint-Gilloise,2026-01-24 19:45:00,152
football:ohiggins:bahiaba:20260218,football,Copa Libertadores,O'Higgins,Bahia-BA,2026-02-18 15:00:00,128
football:olimpia asuncion:club guaraní:20260125,football,Primera Paraguay,Olimpia Asuncion,Club Guaraní,2026-01-25 21:00:00,145
football:olympiakos pireus:volos nps:20260124,football,Super League,Olympiakos Pireus,Volos NPS,2026-01-24 15:00:00,117
football:olympiakós sfp:bayer leverkusen:20260120,football,Champions League,Olympiakós SFP,Bayer 04 Leverkusen,2026-01-20 20:00:00,62
football:olympique lyon:brest:20260118,football,Ligue 1,Lyon,Brest,2026-01-18 19:45:00,209
football:omonia aradippou:enosis neon paralimni:20260119,football,1st Division,Omonia Aradippou,Enosis Neon Paralimni,2026-01-19 17:00:00,24
football:omonia nicosia:anorthosis famagusta:20260118,football,1st Division,Omonia Nicosia,Anorthosis Famagusta,2026-01-18 14:00:00,27
football:once caldas manizales:independiente santa fe:20260126,football,Liga Dimayor,Once Caldas Manizales,Independiente Santa Fe,2026-01-26 01:20:00,113
football:oxford united d:middlesbrough d:20260118,football,FA-cupen (d),Oxford United (d),Middlesbrough (d),2026-01-18 13:00:00,71
football:oxford united:qpr:20260120,football,The Championship,Oxford United,QPR,2026-01-20 19:45:00,156
football:oxford united:sunderland:20260214,football,FA-cupen,Oxford United,Sunderland,2026-02-14 15:00:00,3
football:pachuca:américa:20260119,football,Liga MX,CF Pachuca,CF América,2026-01-19 01:00:00,166
football:palermo:spezia:20260118,football,Serie B,Palermo,Spezia,2026-01-18 16:15:00,117
football:panama:mexiko:20260123,football,Internationella Vänskapsmatcher,Panama,Mexiko,2026-01-23 01:00:00,3
football:panargiakos:ps pae kalamata:20260118,football,Superleague 2,Panargiakos,PS PAE Kalamata,2026-01-18 13:00:00,68
football:panetolikos agrinio:levadiakos:20260119,football,Super League,Panetolikos Agrinio,Levadiakos,2026-01-19 16:00:00,113
football:panionios:apo ellas syros:20260118,football,Superleague 2,Panionios,APO Ellas Syros,2026-01-18 13:00:00,69
football:paok thessaloniki:betis:20260122,football,Europa League,PAOK Thessaloniki,Real Betis,2026-01-22 17:45:00,92
football:paok thessaloniki:ofi kreta:20260118,football,Super League,PAOK Thessaloniki,OFI Kreta,2026-01-18 17:00:00,39
football:paredes:amarante:20260118,football,Liga 3,Paredes,Amarante,2026-01-18 15:00:00,68
football:paris luvsitigre:lyon fc_pitbull:20260118,football,Esports Battle (2x4min),Paris (LuvSiTigre),Lyon (Fc_Pitbull),2026-01-18 12:54:00,28
football:paris luvsitigre:marseille shocker23:20260118,football,Esports Battle (2x4min),Paris (LuvSiTigre),Marseille (Shocker23),2026-01-18 13:42:00,28
football:paris luvsitigre:nice krissnusa7:20260118,football,Esports Battle (2x4min),Paris (LuvSiTigre),Nice (Krissnusa7),2026-01-18 14:06:00,28
football:paris totti:liverpool gangsta_panda:20260118,football,eSports Battle (2x6 min),Paris (Totti),Liverpool (GanGsta_Panda),2026-01-18 13:02:00,26
football:pec zwolle d:psv eindhoven d:20260118,football,Eredivisie - Damer,PEC Zwolle (d),PSV Eindhoven (d),2026-01-18 15:45:00,16
football:penedenseal:crbal:20260118,football,Alagoano,Penedense-AL,CRB-AL,2026-01-18 19:00:00,68
football:perugia:gubbio:20260118,football,Serie C Girone B,Perugia,Gubbio,2026-01-18 13:30:00,16
football:pescara:modena:20260118,football,Serie B,Pescara,Modena,2026-01-18 14:00:00,124
football:petrolul ploieşti:universitatea craiova:20260119,football,Liga I,Petrolul Ploieşti,Universitatea Craiova,2026-01-19 18:00:00,138
football:picerno:latina:20260118,football,Serie C Girone C,Picerno,Latina,2026-01-18 16:30:00,16
football:plymouth argyle:luton town:20260124,football,League One,Plymouth Argyle,Luton Town,2026-01-24 12:30:00,148
football:point fortin:club sando:20260118,football,TT Premier Football League,Point Fortin FC,Club Sando,2026-01-18 23:00:00,69
football:polen:albanien:20260326,football,VM-kval slutspel,Polen,Albanien,2026-03-26 13:00:00,120
football:pontedera:asd pineto:20260118,football,Serie C Girone B,Pontedera,ASD Pineto Calcio,2026-01-18 16:30:00,16
football:port of spain:la horquetta rangers:20260118,football,TT Premier Football League,AC Port of Spain,La Horquetta Rangers FC,2026-01-18 21:00:00,67
football:port vale:bristol city:20260214,football,FA-cupen,Port Vale,Bristol City,2026-02-14 15:00:00,3
football:port vale:exeter:20260124,football,League One,Port Vale,Exeter,2026-01-24 15:00:00,154
football:porto sport club:vitóriaba:20260118,football,Baiano,Porto Sport Club,Vitória-BA,2026-01-18 19:00:00,106
football:porto v1nx7:aston villa noen:20260118,football,Esports Battle (2x4min),Porto (V1nx7),Aston Villa (noeN),2026-01-18 14:52:00,28
football:portuguesarj:maricá:20260118,football,Carioca A,Portuguesa-RJ,Maricá FC,2026-01-18 23:30:00,115
football:potenza:casertana:20260118,football,Serie C Girone C,Potenza,Casertana,2026-01-18 13:30:00,16
football:preston:hull:20260120,football,The Championship,Preston,Hull ,2026-01-20 19:45:00,180
football:pro vercelli:union brescia:20260118,football,Serie C Girone A,Pro Vercelli,Union Brescia,2026-01-18 13:30:00,16
football:psg jur_kr:chelsea djamik:20260118,football,Cyber Live Arena (2x5 min),PSG (Jur_Kr),Chelsea (djamik),2026-01-18 13:58:00,27
football:psg jur_kr:liverpool bibib:20260118,football,Cyber Live Arena (2x5 min),PSG (Jur_Kr),Liverpool (BiBiB),2026-01-18 14:40:00,28
football:psg jur_kr:sevilla abr4m_5:20260118,football,Cyber Live Arena (2x5 min),PSG (Jur_Kr),Sevilla (abr4m_5),2026-01-18 14:54:00,26
football:pumas de la unam:club león:20260118,football,Liga MX,Pumas de la UNAM,Club León FC,2026-01-18 18:00:00,162
football:puskás academy:paksi se:20260124,football,NB 1,Puskás Academy,Paksi SE,2026-01-24 18:45:00,159
football:qarabağ ağdam:frankfurt:20260121,football,Champions League,Qarabağ Ağdam FK,Eintracht Frankfurt,2026-01-21 17:45:00,105
football:qatar:schweiz:20260612,football,VM 2026,Qatar,Schweiz,2026-06-12 18:00:00,156
football:raal la louvière:sinttruiden:20260124,football,Jupiler Pro League,RAAL La Louvière,Sint-Truiden,2026-01-24 15:00:00,152
football:racing santander:ud las palmas:20260118,football,La Liga 2,Racing Santander,UD Las Palmas,2026-01-18 15:15:00,150
football:raith rovers:queens park:20260124,football,Championship,Raith Rovers,Queen's Park,2026-01-24 15:00:00,119
football:rangers d:hibernian d:20260118,football,Premier League damer,Rangers (d),Hibernian (d),2026-01-18 16:10:00,16
football:rayo majadahonda:ub conquense:20260118,football,Segunda RFEF 5,CF Rayo Majadahonda,UB Conquense,2026-01-18 16:30:00,66
football:rb bragantinosp:botafogosp:20260118,football,Paulista A1,RB Bragantino-SP,Botafogo-SP,2026-01-18 21:15:00,178
football:reading:barnsley:20260124,football,League One,Reading,Barnsley,2026-01-24 15:00:00,154
football:real madrid:monaco:20260120,football,Champions League,Real Madrid CF,AS Monaco FC,2026-01-20 20:00:00,60
football:renate:albinoleffe:20260118,football,Serie C Girone A,Renate,Albinoleffe,2026-01-18 16:30:00,16
football:rennes:le havre:20260118,football,Ligue 1,Rennes,Le Havre,2026-01-18 16:15:00,206
football:rennes:lorient:20260124,football,Ligue 1,Rennes,Lorient,2026-01-24 16:00:00,167
football:rfc seraing:rfc de liege:20260124,football,Challenger Pro League,R.F.C. Seraing,RFC de Liege,2026-01-24 19:00:00,121
football:rijeka:slaven belupo:20260124,football,1. HNL League,Rijeka,Slaven Belupo,2026-01-24 16:15:00,71
football:rkc waalwijk:dordrecht:20260118,football,Eerste Divisie,RKC Waalwijk,FC Dordrecht,2026-01-18 13:30:00,155
football:rochdale:boreham wood:20260203,football,National League,Rochdale,Boreham Wood,2026-02-03 19:45:00,68
football:roda jc:top oss:20260123,football,Eerste Divisie,Roda JC ,TOP Oss,2026-01-23 19:00:00,156
football:roma asura:fenerbahce grellz:20260118,football,Esports Battle (2x4min),Roma (Asura),Fenerbahce (Grellz),2026-01-18 14:40:00,27
football:rosario central:belgrano:20260125,football,Liga Profesional Argentina,Rosario Central,Belgrano,2026-01-25 01:00:00,46
football:rotherham united:wimbledon:20260124,football,League One,Rotherham United,AFC Wimbledon,2026-01-24 15:00:00,140
football:royal antwerp:de charleroi:20260125,football,Jupiler Pro League,Royal Antwerp FC,Sporting de Charleroi,2026-01-25 12:30:00,116
football:rwdm47:patro eisden maasmechelen:20260124,football,Challenger Pro League,RWDM47,Patro Eisden Maasmechelen,2026-01-24 19:00:00,116
football:ràngers:futbol club ordino:20260118,football,Primera Division,FC Rànger's,Futbol Club Ordino,2026-01-18 15:00:00,69
football:salamanca cf uds:valladolid promesas:20260118,football,Segunda RFEF 1,Salamanca CF UDS,Real Valladolid Promesas,2026-01-18 16:00:00,64
football:salford city:bristol rovers:20260124,football,League Two,Salford City FC,Bristol Rovers,2026-01-24 15:00:00,125
football:salzburg nathana1l:porto v1nx7:20260118,football,Esports Battle (2x4min),Salzburg (Nathana1l),Porto (V1nx7),2026-01-18 14:40:00,27
football:sampaio correarj:botafogorj:20260118,football,Carioca A,Sampaio Correa-RJ,Botafogo-RJ,2026-01-18 23:30:00,116
football:samsunspor:kocaelispor:20260124,football,Turkish Super Lig,Samsunspor,Kocaelispor,2026-01-24 14:00:00,144
football:san jose:deportivo saprissa:20260123,football,Primera Division Costa Rica,Sporting San Jose FC,Deportivo Saprissa,2026-01-23 02:00:00,118
football:san lorenzo:lanús:20260123,football,Liga Profesional Argentina,San Lorenzo,Lanús,2026-01-23 22:00:00,187
football:sanluqueño:gimnàstic de tarragona:20260118,football,Primera RFEF 2,Atletico Sanluqueño CF,Gimnàstic de Tarragona,2026-01-18 19:30:00,64
football:santa catarina clube:joinvillesc:20260118,football,Catarinense,Santa Catarina Clube SC,Joinville-SC,2026-01-18 19:30:00,104
football:santossp:corinthianssp:20260122,football,Paulista A1,Santos-SP,Corinthians-SP,2026-01-22 22:30:00,179
football:saudiarabien:uruguay:20260615,football,VM 2026,Saudiarabien,Uruguay,2026-06-15 18:00:00,151
football:schweinfurt:viktoria köln:20260118,football,3. Liga,1. FC Schweinfurt 05,FC Viktoria Köln 1904,2026-01-18 15:30:00,71
football:sebaco:indigenas de matagalpa:20260119,football,Primera Division Nicaragua,Sebaco FC,Indigenas de Matagalpa FC,2026-01-19 00:00:00,16
football:sekhukhune united:stellenbosch fc:20260120,football,SA Premier Soccer League,Sekhukhune United,Stellenbosch F.C.,2026-01-20 17:30:00,107
football:senegal:morocco:20260118,football,Africa Cup of Nations,Senegal,Morocco,2026-01-18 19:00:00,214
football:serra brancapb:trezepb:20260118,football,Paraibano,Serra Branca-PB,Treze-PB,2026-01-18 21:00:00,70
football:servette:zürich:20260118,football,Super League,Servette,FC Zürich,2026-01-18 13:00:00,127
football:sevilla abr4m_5:chelsea djamik:20260118,football,Cyber Live Arena (2x5 min),Sevilla (abr4m_5),Chelsea (djamik),2026-01-18 14:12:00,28
football:sevilla abr4m_5:liverpool bibib:20260118,football,Cyber Live Arena (2x5 min),Sevilla (abr4m_5),Liverpool (BiBiB),2026-01-18 14:26:00,28
football:sevilla abr4m_5:manchester city int1ligent:20260118,football,Cyber Live Arena (2x5 min),Sevilla (abr4m_5),Manchester City (Int1liGenT),2026-01-18 13:58:00,28
football:sevilla abr4m_5:psg jur_kr:20260118,football,Cyber Live Arena (2x5 min),Sevilla (abr4m_5),PSG (Jur_Kr),2026-01-18 13:44:00,26
football:sevilla voron:madrid terry14:20260118,football,Cyber Live Arena (2x5 min),Sevilla (Voron),Real Madrid (Terry14),2026-01-18 13:06:00,27
football:sevilla:sociedad d:20260118,football,Primera División (d),Sevilla,Real Sociedad (d),2026-01-18 15:00:00,66
football:sharjah cultural club:al ittihad kalba uae:20260118,football,Arabian Gulf League,Sharjah Cultural Club,Al Ittihad Kalba (UAE),2026-01-18 15:45:00,27
football:sheffield wednesday:birmingham:20260120,football,The Championship,Sheffield Wednesday,Birmingham,2026-01-20 19:45:00,96
football:silkeborg:viborg:20260208,football,Danish Superliga,Silkeborg IF,Viborg FF,2026-02-08 13:00:00,124
football:sinttruiden:oh leuven:20260118,football,Jupiler Pro League,Sint-Truiden,OH Leuven,2026-01-18 18:15:00,167
football:sion:luzern:20260124,football,Super League,FC Sion,Luzern,2026-01-24 19:30:00,122
football:siracusa:audace cerignola:20260118,football,Serie C Girone C,Siracusa,Audace Cerignola,2026-01-18 13:30:00,16
football:slavia praha:barcelona:20260121,football,Champions League,SK Slavia Praha,FC Barcelona,2026-01-21 20:00:00,61
football:slovakien:kosovo:20260326,football,VM-kval slutspel,Slovakien,Kosovo,2026-03-26 13:00:00,117
football:sociedad de fútbol:barcelona:20260118,football,La Liga,Real Sociedad de Fútbol,FC Barcelona,2026-01-18 20:00:00,180
football:solihull moors:rochdale:20260121,football,National League,Solihull Moors,Rochdale,2026-01-21 19:45:00,71
football:south shields:southport:20260120,football,National League Norra,South Shields FC,Southport,2026-01-20 19:45:00,69
football:southampton w:bristol city d:20260118,football,FA-cupen (d),Southampton (W),Bristol City (d),2026-01-18 13:00:00,71
football:southampton:leicester city:20260214,football,FA-cupen,Southampton,Leicester City,2026-02-14 15:00:00,3
football:southampton:sheffield united:20260121,football,The Championship,Southampton,Sheffield United,2026-01-21 19:45:00,89
football:southend:eastleigh:20260120,football,National League,Southend,Eastleigh FC,2026-01-20 19:45:00,71
football:spanien ar2r:england double_s:20260118,football,Cyber Live Arena (2x5 min),Spanien (ar2r),England (Double_S),2026-01-18 12:56:00,27
football:spanien ar2r:france hd_08:20260118,football,Cyber Live Arena (2x5 min),Spanien (ar2r),France (HD_08),2026-01-18 12:42:00,28
football:spanien glumac:argentina bolec:20260118,football,eSports Battle (2x6 min),Spanien (Glumac),Argentina (Bolec),2026-01-18 14:24:00,26
football:spanien glumac:france elmagico:20260118,football,eSports Battle (2x6 min),Spanien (Glumac),France (Elmagico),2026-01-18 13:30:00,26
football:spanien:kap verdeöarna:20260615,football,VM 2026,Spanien,Kap Verdeöarna,2026-06-15 16:00:00,151
football:spanish town police:chapelton:20260118,football,Premier League,Spanish Town Police FC,Chapelton,2026-01-18 20:00:00,66
football:spezia:avellino:20260124,football,Serie B,Spezia,Avellino,2026-01-24 18:30:00,118
football:sport boys:cd los chankas:20260131,football,Liga 1,Sport Boys,CD Los Chankas,2026-01-31 18:00:00,144
football:sport huancayo:alianza lima:20260130,football,Liga 1,Sport Huancayo,Alianza Lima,2026-01-30 17:00:00,174
football:sportivo ameliano:rubio ñú:20260125,football,Primera Paraguay,Sportivo Ameliano,Rubio Ñú,2026-01-25 23:15:00,115
football:sportivo trinidense:olimpia asuncion:20260303,football,Copa Sudamericana,Sportivo Trinidense,Olimpia Asuncion,2026-03-03 15:00:00,118
football:st albans city:hashtag united fc:20260120,football,Isthmian Ligan Premier Division,St Albans City,Hashtag United F.C.,2026-01-20 19:45:00,74
football:st johnstone:dunfermline athletic:20260124,football,Championship,St Johnstone,Dunfermline Athletic,2026-01-24 15:00:00,115
football:st pauli:hamburger:20260123,football,Bundesliga,FC St. Pauli 1910,Hamburger SV,2026-01-23 19:30:00,96
football:standard liège:gent:20260123,football,Jupiler Pro League,Standard Liège,KAA Gent,2026-01-23 19:45:00,152
football:stevenage:bolton:20260120,football,League One,Stevenage FC,Bolton,2026-01-20 19:45:00,151
football:stevenage:mansfield town:20260124,football,League One,Stevenage FC,Mansfield Town,2026-01-24 15:00:00,155
football:stoke city d:halifax fc w:20260118,football,National League (d),Stoke City (d),Halifax FC (W),2026-01-18 14:00:00,16
football:stoke:fulham:20260214,football,FA-cupen,Stoke,Fulham,2026-02-14 15:00:00,3
football:stoke:middlesbrough:20260121,football,The Championship,Stoke,Middlesbrough,2026-01-21 20:00:00,108
football:strasbourg:metz:20260118,football,Ligue 1,Strasbourg,Metz ,2026-01-18 14:00:00,207
football:stuttgart:union berlin:20260118,football,Bundesliga,VfB Stuttgart,1. FC Union Berlin,2026-01-18 14:30:00,216
football:sutton united:woking:20260120,football,National League,Sutton United,Woking,2026-01-20 19:45:00,75
football:swansea:blackburn rovers:20260120,football,The Championship,Swansea,Blackburn Rovers,2026-01-20 19:45:00,174
football:sydney fc d:brisbane roar fc d:20260204,football,A-League (d),Sydney FC (d),Brisbane Roar FC (d),2026-02-04 08:30:00,73
football:são bernardosp:noroestesp:20260118,football,Paulista A1,FC São Bernardo-SP,Noroeste-SP,2026-01-18 18:00:00,131
football:são joseensepr:operáriopr:20260118,football,Paranaense,São Joseense-PR,Operário-PR,2026-01-18 21:30:00,110
football:são paulosp:flamengorj:20260128,football,Brasileirao Serie A,São Paulo-SP,Flamengo-RJ,2026-01-28 18:00:00,149
football:são paulosp:portuguesasp:20260121,football,Paulista A1,São Paulo-SP,Portuguesa-SP,2026-01-21 22:30:00,115
football:talleres:newells old boys:20260124,football,Liga Profesional Argentina,Talleres,Newell's Old Boys,2026-01-24 01:15:00,153
football:ternana calcio w:lazio d:20260118,football,Serie A (W),Ternana Calcio (W),Lazio (d),2026-01-18 14:00:00,66
football:tigre:estudiantes de río cuarto:20260126,football,Liga Profesional Argentina,Tigre,Estudiantes de Río Cuarto,2026-01-26 00:00:00,47
football:timberwolves:newcastle:20260118,football,Premier League,Wolves,Newcastle United,2026-01-18 14:00:00,214
football:tjeckien:irland:20260326,football,VM-kval slutspel,Tjeckien,Irland,2026-03-26 13:00:00,117
football:torino:roma:20260118,football,Serie A,Torino FC,AS Roma,2026-01-18 17:00:00,142
football:tottenham sadalczyk:milan schabson:20260118,football,Cyber Live Arena (2x5 min),Tottenham (sadalczyk),Milan (Schabson),2026-01-18 14:30:00,27
football:tottenham:borussia dortmund:20260120,football,Champions League,Tottenham Hotspur FC,BV Borussia 09 Dortmund,2026-01-20 20:00:00,113
football:trabzonspor:kasımpaşa:20260123,football,Turkish Super Lig,Trabzonspor,Kasımpaşa SK,2026-01-23 17:00:00,150
football:trapani:asd sorrento:20260118,football,Serie C Girone C,Trapani,ASD Sorrento 1945,2026-01-18 13:30:00,16
football:treasure beach:cavalier:20260118,football,Premier League,Treasure Beach FC,Cavalier,2026-01-18 20:00:00,69
football:trofense:ad marco:20260118,football,Liga 3,Trofense,AD Marco 09,2026-01-18 15:00:00,68
football:truro city:brackley town:20260120,football,National League,Truro City,Brackley Town,2026-01-20 19:45:00,75
football:turkiet:rumänien:20260326,football,VM-kval slutspel,Turkiet,Rumänien,2026-03-26 13:00:00,127
football:tyskland maslja:spanien glumac:20260118,football,eSports Battle (2x6 min),Tyskland (Maslja),Spanien (Glumac),2026-01-18 14:06:00,26
football:tyskland:curacao:20260614,football,VM 2026,Tyskland,Curacao,2026-06-14 17:00:00,139
football:ud ibiza:murcia:20260118,football,Primera RFEF 2,UD Ibiza,Real Murcia,2026-01-18 17:15:00,68
football:ud las palmas:córdoba:20260124,football,La Liga 2,UD Las Palmas,Córdoba CF,2026-01-24 17:30:00,155
football:ud logroñés:sd amorebieta:20260118,football,Segunda RFEF 2,UD Logroñés,SD Amorebieta,2026-01-18 16:00:00,71
football:ud mutilvera:tudelano:20260118,football,Segunda RFEF 2,UD Mutilvera,Tudelano,2026-01-18 15:30:00,68
football:ukraina:sverige:20260326,football,VM-kval slutspel,Ukraina,Sverige,2026-03-26 19:45:00,123
football:union berlin:borussia dortmund:20260124,football,Bundesliga,1. FC Union Berlin,BV Borussia 09 Dortmund,2026-01-24 17:30:00,8
football:universidad de chile:palestino:20260303,football,Copa Sudamericana,Universidad de Chile,Palestino,2026-03-03 15:00:00,120
football:universidade catolica:huachipato:20260120,football,Super Cup,Universidade Catolica,Huachipato,2026-01-20 22:00:00,116
football:universitario de deportes:asociación deportiva tarma:20260201,football,Liga 1,Universitario de Deportes,Asociación Deportiva Tarma,2026-02-01 23:00:00,150
football:universitatea cluj:csm unirea slobozia:20260124,football,Liga I,Universitatea Cluj,CSM Unirea Slobozia,2026-01-24 15:00:00,142
football:universitatea craiova:botoşani:20260124,football,Liga I,Universitatea Craiova,FC Botoşani,2026-01-24 18:00:00,156
football:união leiria:vizela:20260121,football,Liga 2,União Leiria,Vizela,2026-01-21 18:00:00,75
football:unión de santa fe:platense:20260122,football,Liga Profesional Argentina,Unión de Santa Fe,Platense,2026-01-22 23:00:00,145
football:up langreo:rc deportivo fabril:20260118,football,Segunda RFEF 1,UP Langreo,RC Deportivo Fabril,2026-01-18 16:00:00,66
football:usa:paraguay:20260612,football,VM 2026,USA,Paraguay,2026-06-12 18:00:00,153
football:utc cajamarca:grau:20260130,football,Liga 1,UTC Cajamarca,Atletico Grau,2026-01-30 20:15:00,154
football:utrecht w:hera united w:20260118,football,Eredivisie - Damer,FC Utrecht (W),HERA United (W),2026-01-18 15:45:00,16
football:uzbekistan:colombia:20260617,football,VM 2026,Uzbekistan,Colombia,2026-06-17 18:00:00,45
football:valencia supermario:club palkan:20260118,football,Cyber Live Arena (2x5 min),Valencia (SuperMario),Athletic Club (palkan),2026-01-18 13:06:00,27
football:valencia supermario:madrid terry14:20260118,football,Cyber Live Arena (2x5 min),Valencia (SuperMario),Real Madrid (Terry14),2026-01-18 12:52:00,28
football:valladolid:albacete balompié:20260124,football,La Liga 2,Valladolid,Albacete Balompié,2026-01-24 13:00:00,141
football:varaždin:hnk gorica:20260123,football,1. HNL League,Varaždin,HNK Gorica,2026-01-23 15:00:00,71
football:vasco da gamarj:nova iguaçurj:20260118,football,Carioca A,Vasco da Gama-RJ,Nova Iguaçu-RJ,2026-01-18 21:00:00,176
football:vejle boldklub:fredericia:20260209,football,Superligaen,Vejle Boldklub,FC Fredericia,2026-02-09 18:00:00,123
football:viktoria plzeň:porto:20260122,football,Europa League,FC Viktoria Plzeň,FC Porto,2026-01-22 17:45:00,173
football:villarreal kraftvk:atleti wboy:20260118,football,Esports Battle (2x4min),Villarreal (KraftVK),Atleti (Wboy),2026-01-18 13:12:00,26
football:villarreal kraftvk:barcelona bomb1to:20260118,football,Esports Battle (2x4min),Villarreal (KraftVK),Barcelona (Bomb1to),2026-01-18 14:36:00,27
football:villarreal kraftvk:club arcos:20260118,football,Esports Battle (2x4min),Villarreal (KraftVK),Athletic Club (Arcos),2026-01-18 14:00:00,27
football:villarreal kraftvk:madrid laikingdast:20260118,football,Esports Battle (2x4min),Villarreal (KraftVK),Real Madrid (LaikingDast),2026-01-18 13:48:00,27
football:villarreal:ajax:20260120,football,Champions League,Villarreal CF,AFC Ajax,2026-01-20 20:00:00,109
football:vitesse:ado den haag:20260123,football,Eerste Divisie,Vitesse,ADO Den Haag,2026-01-23 19:00:00,155
football:vitoria guimarães b:fafe:20260118,football,Liga 3,Vitoria Guimarães B,Fafe,2026-01-18 15:00:00,73
football:vitoria guimarães:porto:20260118,football,Primeira Liga,Vitoria Guimarães,FC Porto,2026-01-18 20:30:00,147
football:vitóriaba:remopa:20260128,football,Brasileirao Serie A,Vitória-BA,Remo-PA,2026-01-28 18:00:00,206
football:volendam:utrecht:20260118,football,Eredivisie,FC Volendam,FC Utrecht,2026-01-18 13:30:00,206
football:volos nps:atromitos aten:20260119,football,Super League,Volos NPS,Atromitos Aten,2026-01-19 18:00:00,118
football:wales:bosnienhercegovina:20260326,football,VM-kval slutspel,Wales,Bosnien-Hercegovina,2026-03-26 13:00:00,116
football:walsall:accrington stanley:20260124,football,League Two,Walsall,Accrington Stanley,2026-01-24 15:00:00,116
football:watford:portsmouth:20260121,football,The Championship,Watford,Portsmouth ,2026-01-21 19:45:00,100
football:wealdstone:tamworth:20260121,football,National League,Wealdstone,Tamworth,2026-01-21 19:45:00,75
football:welwalo adigrat university:sheger ketema:20260121,football,Premier League,Welwalo Adigrat University FC,Sheger Ketema,2026-01-21 10:00:00,39
football:west bromwich:norwich city:20260120,football,The Championship,West Bromwich,Norwich City,2026-01-20 19:45:00,45
football:western sydney wanderers:perth glory:20260125,football,A-League,Western Sydney Wanderers FC,Perth Glory FC,2026-01-25 06:00:00,151
football:wigan athletic:plymouth argyle:20260310,football,League One,Wigan Athletic,Plymouth Argyle,2026-03-10 19:45:00,152
football:willem ii:vvv venlo:20260123,football,Eerste Divisie,Willem II,VVV Venlo,2026-01-23 19:00:00,153
football:wolaitta dicha:bahir dar:20260120,football,Premier League,Wolaitta Dicha SC,Bahir Dar FC,2026-01-20 12:00:00,39
football:wrexham:ipswich town:20260213,football,FA-cupen,Wrexham,Ipswich Town,2026-02-13 19:45:00,3
football:wrexham:leicester city:20260120,football,The Championship,Wrexham,Leicester City,2026-01-20 20:00:00,157
football:wycombe:peterborough:20260124,football,League One,Wycombe,Peterborough,2026-01-24 15:00:00,146
football:xerez:águilas:20260118,football,Segunda RFEF 4,Xerez CD,Águilas FC,2026-01-18 17:00:00,68
football:yeovil town:aldershot:20260120,football,National League,Yeovil Town,Aldershot,2026-01-20 19:45:00,75
football:ypirangars:internacionalrs:20260118,football,Gaúcho,Ypiranga-RS,Internacional-RS,2026-01-18 21:00:00,142
football:österrike:jordanien:20260616,football,VM 2026,Österrike,Jordanien,2026-06-16 04:00:00,152
football:ümraniyespor:serik belediyespor:20260118,football,1. Lig,Ümraniyespor,Serik Belediyespor,2026-01-18 16:00:00,69
